Date,Name,Year,Letterboxd URI
2019-03-13,11:14,2003,https://boxd.it/1Z4E
2019-03-13,25th Hour,2002,https://boxd.it/28LC
2019-03-13,"4 Months, 3 Weeks and 2 Days",2007,https://boxd.it/27DW
2019-03-13,8½,1963,https://boxd.it/2aqm
2019-03-13,99 Homes,2014,https://boxd.it/8KuG
2019-03-13,A Fistful of Dollars,1964,https://boxd.it/2auo
2019-03-13,A Most Wanted Man,2014,https://boxd.it/4WCE
2019-03-13,A Pigeon Sat on a Branch Reflecting on Existence,2014,https://boxd.it/3Ifa
2019-03-13,A Prophet,2009,https://boxd.it/1BGE
2019-03-13,A Scanner Darkly,2006,https://boxd.it/25jK
2019-03-13,A Separation,2011,https://boxd.it/gvo
2019-03-13,A Simple Plan,1998,https://boxd.it/1WMo
2019-03-13,A Summer's Tale,1996,https://boxd.it/183e
2019-03-13,A Tale of Two Sisters,2003,https://boxd.it/248m
2019-03-13,A Woman Under the Influence,1974,https://boxd.it/1myg
2019-03-13,Aaaaaaaah!,2015,https://boxd.it/bFkW
2019-03-13,About Schmidt,2002,https://boxd.it/26mU
2019-03-13,Advantageous,2015,https://boxd.it/9SRK
2019-03-13,After Hours,1985,https://boxd.it/1VfS
2019-03-13,"Aguirre, the Wrath of God",1972,https://boxd.it/27Fe
2019-03-13,Akira,1988,https://boxd.it/2b1i
2019-03-13,All That Jazz,1979,https://boxd.it/1JB8
2019-03-13,All the President's Men,1976,https://boxd.it/29lU
2019-03-13,Alleluia,2014,https://boxd.it/867M
2019-03-13,Amadeus,1984,https://boxd.it/2aH8
2019-03-13,American Honey,2016,https://boxd.it/bk7C
2019-03-13,American Splendor,2003,https://boxd.it/26kE
2019-03-13,Amour,2012,https://boxd.it/34Q6
2019-03-13,An Education,2009,https://boxd.it/1xcg
2019-03-13,And Everything Is Going Fine,2010,https://boxd.it/CSk
2019-03-13,Andrei Rublev,1966,https://boxd.it/29lg
2019-03-13,Animal Kingdom,2010,https://boxd.it/Ru8
2019-03-13,Another Year,2010,https://boxd.it/T1C
2019-03-13,Ape,2012,https://boxd.it/4lNK
2019-03-13,Approaching the Elephant,2014,https://boxd.it/7D6K
2019-03-13,Archipelago,2010,https://boxd.it/Oa
2019-03-13,Army of Shadows,1969,https://boxd.it/1Mli
2019-03-13,Art and Craft,2014,https://boxd.it/7WdU
2019-03-13,Assassination,2015,https://boxd.it/98vI
2019-03-13,Attenberg,2010,https://boxd.it/bzq
2019-03-13,Au Hasard Balthazar,1966,https://boxd.it/1E3g
2019-03-13,Austerlitz,2016,https://boxd.it/evvm
2019-03-13,Barbara,2012,https://boxd.it/37XY
2019-03-13,Barry Lyndon,1975,https://boxd.it/25A2
2019-03-13,Beach Rats,2017,https://boxd.it/f5m6
2019-03-13,Benny's Video,1992,https://boxd.it/27Hk
2019-03-13,Beyond the Black Rainbow,2010,https://boxd.it/EzY
2019-03-13,Bicycle Thieves,1948,https://boxd.it/23hW
2019-03-13,Bigger Than Life,1956,https://boxd.it/1uB8
2019-03-13,Battle for Sevastopol,2015,https://boxd.it/aUV2
2019-03-13,Biutiful,2010,https://boxd.it/OiI
2019-03-13,Blood Creek,2009,https://boxd.it/1kNo
2019-03-13,Blow Out,1981,https://boxd.it/1TlE
2019-03-13,Blow-Up,1966,https://boxd.it/2966
2019-03-13,Blue Is the Warmest Color,2013,https://boxd.it/4O40
2019-03-13,Boogie Nights,1997,https://boxd.it/23um
2019-03-13,Breaker Morant,1980,https://boxd.it/1PqK
2019-03-13,Breathless,1960,https://boxd.it/2aIK
2019-03-13,Brief Encounter,1945,https://boxd.it/29sm
2019-03-13,Brubaker,1980,https://boxd.it/28sq
2019-03-13,Bullitt,1968,https://boxd.it/29i2
2019-03-13,Bus 174,2002,https://boxd.it/209q
2019-03-13,Butch Cassidy and the Sundance Kid,1969,https://boxd.it/29Vy
2019-03-13,Buzzard,2014,https://boxd.it/7qMS
2019-03-13,Cameraperson,2016,https://boxd.it/d5ve
2019-03-13,Candy,2006,https://boxd.it/24l6
2019-03-13,Capote,2005,https://boxd.it/2atq
2019-03-13,Captain Fantastic,2016,https://boxd.it/b2K2
2019-03-13,Carlito's Way,1993,https://boxd.it/226e
2019-03-13,Céline and Julie Go Boating,1974,https://boxd.it/1sGA
2019-03-13,Cemetery of Splendor,2015,https://boxd.it/9tIo
2019-03-13,Certain Women,2016,https://boxd.it/bk7W
2019-03-13,Certified Copy,2010,https://boxd.it/IMW
2019-03-13,Charade,1963,https://boxd.it/23O2
2019-03-13,Christine,2016,https://boxd.it/bhFm
2019-03-13,Chronicle of a Summer,1961,https://boxd.it/2ZTE
2019-03-13,Chungking Express,1994,https://boxd.it/1UDa
2019-03-13,Citizen Kane,1941,https://boxd.it/71O
2019-03-13,Citizenfour,2014,https://boxd.it/9eSe
2019-03-13,Close Encounters of the Third Kind,1977,https://boxd.it/29u8
2019-03-13,Close-Up,1990,https://boxd.it/1m9q
2019-03-13,Closely Watched Trains,1966,https://boxd.it/29Cm
2019-03-13,Code Unknown,2000,https://boxd.it/1kaw
2019-03-13,Cold War,2018,https://boxd.it/fEoc
2019-03-13,Collapse,2009,https://boxd.it/1pXe
2019-03-13,Columbus,2017,https://boxd.it/eCuA
2019-03-13,Comet,2014,https://boxd.it/8r08
2019-03-13,Coming Home,1978,https://boxd.it/1iBA
2019-03-13,Contempt,1963,https://boxd.it/2aJe
2019-03-13,Cop Land,1997,https://boxd.it/27ly
2019-03-13,Couple in a Hole,2015,https://boxd.it/cani
2019-03-13,Creative Control,2015,https://boxd.it/amVW
2019-03-13,Cries and Whispers,1972,https://boxd.it/1WK8
2019-03-13,Da Sweet Blood of Jesus,2014,https://boxd.it/8uIC
2019-03-13,Daisies,1966,https://boxd.it/LZk
2019-03-13,Dancer in the Dark,2000,https://boxd.it/71E
2019-03-13,Dark City,1998,https://boxd.it/26uk
2019-03-13,Dark Days,2000,https://boxd.it/1Opw
2019-03-13,Days of Heaven,1978,https://boxd.it/1JRg
2019-03-13,Dead Man,1995,https://boxd.it/29h4
2019-03-13,Diabolique,1955,https://boxd.it/29we
2019-03-13,Dirty Work,1998,https://boxd.it/1NOg
2019-03-13,Divines,2016,https://boxd.it/dLDY
2019-03-13,Doctor Zhivago,1965,https://boxd.it/29jk
2019-03-13,Dog Day Afternoon,1975,https://boxd.it/29bg
2019-03-13,Double Indemnity,1944,https://boxd.it/297I
2019-03-13,Down Terrace,2009,https://boxd.it/XBY
2019-03-13,Dreams,1990,https://boxd.it/1ROu
2019-03-13,Dreams of a Life,2011,https://boxd.it/2W6k
2019-03-13,Ed Wood,1994,https://boxd.it/2adM
2019-03-13,El Topo,1970,https://boxd.it/1QYS
2019-03-13,Eldorado,2008,https://boxd.it/1MKW
2019-03-13,Elena,2011,https://boxd.it/2I9u
2019-03-13,Elephant,2003,https://boxd.it/287i
2019-03-13,Elle,2016,https://boxd.it/bdhq
2019-03-13,Embrace of the Serpent,2015,https://boxd.it/baba
2019-03-13,End of Watch,2012,https://boxd.it/2F5O
2019-03-13,Evil Dead II,1987,https://boxd.it/29Ge
2019-03-13,Ex Drummer,2007,https://boxd.it/1OUO
2019-03-13,Exhibition,2013,https://boxd.it/6dXQ
2019-03-13,Experimenter,2015,https://boxd.it/9Uis
2019-03-13,Eyes Without a Face,1960,https://boxd.it/1j9i
2019-03-13,Fallen,1998,https://boxd.it/2wsE
2019-03-13,Fanny and Alexander,1982,https://boxd.it/22go
2019-03-13,Fantastic Planet,1973,https://boxd.it/1KnQ
2019-03-13,Fear X,2003,https://boxd.it/17Jo
2019-03-13,Fearless,1993,https://boxd.it/1WfE
2019-03-13,Fences,2016,https://boxd.it/dL6A
2019-03-13,Fermat's Room,2007,https://boxd.it/22Ue
2019-03-13,Finding Vivian Maier,2013,https://boxd.it/5ePG
2019-03-13,Fire at Sea,2016,https://boxd.it/d6Tw
2019-03-13,First Reformed,2017,https://boxd.it/go9C
2019-03-13,Flirting with Disaster,1996,https://boxd.it/27ve
2019-03-13,Fracture,2007,https://boxd.it/220K
2019-03-13,Frances Ha,2012,https://boxd.it/41Xg
2019-03-13,Frenzy,1972,https://boxd.it/2a62
2019-03-13,Frequencies,2013,https://boxd.it/6unK
2019-03-13,Get Carter,1971,https://boxd.it/28HU
2019-03-13,Ghost in the Shell,1995,https://boxd.it/1YYc
2019-03-13,Ghostwatch,1992,https://boxd.it/MIO
2019-03-13,Gimme Shelter,1970,https://boxd.it/2b42
2019-03-13,Glengarry Glen Ross,1992,https://boxd.it/1Yw8
2019-03-13,Gloria,2013,https://boxd.it/50gM
2019-03-13,Gonzo: The Life and Work of Dr. Hunter S. Thompson,2008,https://boxd.it/1R2U
2019-03-13,Good Morning,1959,https://boxd.it/2lkk
2019-03-13,Grand Piano,2013,https://boxd.it/6xyQ
2019-03-13,Green for Danger,1946,https://boxd.it/1n9c
2019-03-13,Gummo,1997,https://boxd.it/1H0Y
2019-03-13,Hacksaw Ridge,2016,https://boxd.it/azew
2019-03-13,Haggard,2003,https://boxd.it/1Asc
2019-03-13,"Hail, Caesar!",2016,https://boxd.it/881G
2019-03-13,Happy as Lazzaro,2018,https://boxd.it/hiVs
2019-03-13,Happy End,2017,https://boxd.it/dZ2C
2019-03-13,Happy-Go-Lucky,2008,https://boxd.it/1W68
2019-03-13,Harakiri,1962,https://boxd.it/1NTU
2019-03-13,Hard Eight,1996,https://boxd.it/20DU
2019-03-13,Harold and Maude,1971,https://boxd.it/2axM
2019-03-13,Hearts in Atlantis,2001,https://boxd.it/1U9O
2019-03-13,Heat,1995,https://boxd.it/2bg8
2019-03-13,Heaven Knows What,2014,https://boxd.it/8P1a
2019-03-13,Helvetica,2007,https://boxd.it/1Qn8
2019-03-13,Hidden Figures,2016,https://boxd.it/dgS4
2019-03-13,High and Low,1963,https://boxd.it/1RSc
2019-03-13,High Anxiety,1977,https://boxd.it/1RLK
2019-03-13,Hiroshima Mon Amour,1959,https://boxd.it/22WY
2019-03-13,Hour of the Wolf,1968,https://boxd.it/1H9G
2019-03-13,House,1977,https://boxd.it/1vsm
2019-03-13,Hunger,2008,https://boxd.it/1Wso
2019-03-13,I Am Love,2009,https://boxd.it/10ac
2019-03-13,I Am Not a Serial Killer,2016,https://boxd.it/dg6E
2019-03-13,"I, Daniel Blake",2016,https://boxd.it/d0xa
2019-03-13,"I, Tonya",2017,https://boxd.it/dzR0
2019-03-13,I've Loved You So Long,2008,https://boxd.it/20qw
2019-03-13,Ida,2013,https://boxd.it/6fRg
2019-03-13,Ikiru,1952,https://boxd.it/251c
2019-03-13,In Between,2016,https://boxd.it/ewKC
2019-03-13,In Cold Blood,1967,https://boxd.it/1G62
2019-03-13,In the House,2012,https://boxd.it/41HW
2019-03-13,In the Mood for Love,2000,https://boxd.it/29tE
2019-03-13,Incendies,2010,https://boxd.it/Msm
2019-03-13,Inherent Vice,2014,https://boxd.it/5hla
2019-03-13,Irrational Man,2015,https://boxd.it/8JOq
2019-03-13,It Happened One Night,1934,https://boxd.it/25Ng
2019-03-13,Janis: Little Girl Blue,2015,https://boxd.it/arUY
2019-03-13,Jauja,2014,https://boxd.it/7Wn6
2019-03-13,Jerichow,2008,https://boxd.it/1Sos
2019-03-13,Jodorowsky's Dune,2013,https://boxd.it/5MP6
2019-03-13,Joe,2013,https://boxd.it/4WCO
2019-03-13,Julia's Eyes,2010,https://boxd.it/zoG
2019-03-13,Julieta,2016,https://boxd.it/aY26
2019-03-13,Kids,1995,https://boxd.it/1YUY
2019-03-13,Killer's Kiss,1955,https://boxd.it/1Xcc
2019-03-13,The Red Chapel,2009,https://boxd.it/zsy
2019-03-13,Knight of Cups,2015,https://boxd.it/34Qq
2019-03-13,Koyaanisqatsi,1982,https://boxd.it/1U9E
2019-03-13,Krisha,2015,https://boxd.it/ax4E
2019-03-13,Kubo and the Two Strings,2016,https://boxd.it/a4wE
2019-03-13,Kwaidan,1964,https://boxd.it/1kbY
2019-03-13,L for Leisure,2014,https://boxd.it/7gvC
2019-03-13,L'Atalante,1934,https://boxd.it/ThU
2019-03-13,L'Avventura,1960,https://boxd.it/23hs
2019-03-13,La Dolce Vita,1960,https://boxd.it/2anC
2019-03-13,La Haine,1995,https://boxd.it/2as8
2019-03-13,La Sapienza,2014,https://boxd.it/8H5o
2019-03-13,Lady Macbeth,2016,https://boxd.it/erJk
2019-03-13,Land of Mine,2015,https://boxd.it/b5ee
2019-03-13,Last Exit to Brooklyn,1989,https://boxd.it/1Rgi
2019-03-13,Last Year at Marienbad,1961,https://boxd.it/24Qe
2019-03-13,Late Spring,1949,https://boxd.it/1DkK
2019-03-13,Laura,1944,https://boxd.it/27Oq
2019-03-13,Lawrence of Arabia,1962,https://boxd.it/2wRE
2019-03-13,Le Cercle Rouge,1970,https://boxd.it/1Tjy
2019-03-13,Le Samouraï,1967,https://boxd.it/22ZI
2019-03-13,Leviathan,2014,https://boxd.it/7Ub8
2019-03-13,Life Itself,2014,https://boxd.it/7lqC
2019-03-13,Like Someone in Love,2012,https://boxd.it/3tOu
2019-03-13,Little Men,2016,https://boxd.it/cXUq
2019-03-13,Local Hero,1983,https://boxd.it/1Uiw
2019-03-13,Love & Friendship,2016,https://boxd.it/9nM0
2019-03-13,Love Streams,1984,https://boxd.it/zOk
2019-03-13,Lucifer,2014,https://boxd.it/9ur4
2019-03-13,Macbeth,2015,https://boxd.it/6FE8
2019-03-13,Mafioso,1962,https://boxd.it/1d7U
2019-03-13,Magical Girl,2014,https://boxd.it/8JQG
2019-03-13,Man on the Moon,1999,https://boxd.it/281k
2019-03-13,Mandy,2018,https://boxd.it/gtti
2019-03-13,Marathon Man,1976,https://boxd.it/1W4c
2019-03-13,Margaret,2011,https://boxd.it/2kbm
2019-03-13,Martyrs,2008,https://boxd.it/1Yqu
2019-03-13,Marwencol,2010,https://boxd.it/A2c
2019-03-13,Mary and Max,2009,https://boxd.it/1y2m
2019-03-13,May,2002,https://boxd.it/1V8M
2019-03-13,McCabe & Mrs. Miller,1971,https://boxd.it/1ooC
2019-03-13,Meantime,1983,https://boxd.it/loW
2019-03-13,Meditation Creativity Peace,2012,https://boxd.it/9EPg
2019-03-13,Medium Cool,1969,https://boxd.it/WsQ
2019-03-13,Memories of Murder,2003,https://boxd.it/1TSo
2019-03-13,mid90s,2018,https://boxd.it/fxIa
2019-03-13,Miller's Crossing,1990,https://boxd.it/2avG
2019-03-13,Mister Rogers & Me,2010,https://boxd.it/5eKc
2019-03-13,Mistress America,2015,https://boxd.it/9UfS
2019-03-13,Molly's Game,2017,https://boxd.it/dSl8
2019-03-13,Monsieur Hire,1989,https://boxd.it/15q0
2019-03-13,Mood Indigo,2013,https://boxd.it/4WFy
2019-03-13,Morris from America,2016,https://boxd.it/bSjs
2019-03-13,Mother,2009,https://boxd.it/1m9g
2019-03-13,Mustang,2015,https://boxd.it/baaw
2019-03-13,My Neighbor Totoro,1988,https://boxd.it/20eA
2019-03-13,Mystic River,2003,https://boxd.it/2aAG
2019-03-13,Naked,1993,https://boxd.it/1BT4
2019-03-13,Naked Lunch,1991,https://boxd.it/26ow
2019-03-13,Nameless Gangster,2012,https://boxd.it/39VA
2019-03-13,Nashville,1975,https://boxd.it/25GE
2019-03-13,Ned Rifle,2014,https://boxd.it/8Lea
2019-03-13,Neruda,2016,https://boxd.it/bOAO
2019-03-13,Network,1976,https://boxd.it/1VqG
2019-03-13,Night Moves,1975,https://boxd.it/1hRM
2019-03-13,Nights of Cabiria,1957,https://boxd.it/1F7e
2019-03-13,Nina Forever,2015,https://boxd.it/awqa
2019-03-13,No,2012,https://boxd.it/3Ie2
2019-03-13,No Home Movie,2015,https://boxd.it/bXWE
2019-03-13,"Norte, the End of History",2013,https://boxd.it/5FkU
2019-03-13,Of Time and the City,2008,https://boxd.it/1mHi
2019-03-13,Old Joy,2006,https://boxd.it/1tIW
2019-03-13,On the Waterfront,1954,https://boxd.it/29TC
2019-03-13,Once Upon a Time in America,1984,https://boxd.it/2aCs
2019-03-13,Once Upon a Time in Anatolia,2011,https://boxd.it/2yHG
2019-03-13,Once Upon a Time in the West,1968,https://boxd.it/2az4
2019-03-13,Onibaba,1964,https://boxd.it/252a
2019-03-13,Only Lovers Left Alive,2013,https://boxd.it/4O1U
2019-03-13,Only Yesterday,1991,https://boxd.it/1MR4
2019-03-13,Ordet,1955,https://boxd.it/Jiy
2019-03-13,Our Little Sister,2015,https://boxd.it/abBm
2019-03-13,Out of Sight,1998,https://boxd.it/28R6
2019-03-13,Pale Flower,1964,https://boxd.it/dGS
2019-03-13,Paperhouse,1988,https://boxd.it/Y50
2019-03-13,"Paris, Texas",1984,https://boxd.it/29Ts
2019-03-13,Paterson,2016,https://boxd.it/cRk2
2019-03-13,Pather Panchali,1955,https://boxd.it/22yC
2019-03-13,Paths of Glory,1957,https://boxd.it/29b6
2019-03-13,Peeping Tom,1960,https://boxd.it/1Utk
2019-03-13,"People, Places, Things",2015,https://boxd.it/9QQA
2019-03-13,Persona,1966,https://boxd.it/29B4
2019-03-13,Phoenix,2014,https://boxd.it/7u46
2019-03-13,Pickpocket,1959,https://boxd.it/29O8
2019-03-13,Pierrot le Fou,1965,https://boxd.it/26j2
2019-03-13,PlayTime,1967,https://boxd.it/1WLK
2019-03-13,Poetry,2010,https://boxd.it/JAs
2019-03-13,Pontypool,2008,https://boxd.it/1yBw
2019-03-13,Poultrygeist: Night of the Chicken Dead,2006,https://boxd.it/1ISi
2019-03-13,Princess Mononoke,1997,https://boxd.it/2b4w
2019-03-13,Profound Desires of the Gods,1968,https://boxd.it/D20
2019-03-13,Quadrophenia,1979,https://boxd.it/1Wqs
2019-03-13,Queen of Earth,2015,https://boxd.it/9y6Y
2019-03-13,Raise the Red Lantern,1991,https://boxd.it/1WlC
2019-03-13,Raising Arizona,1987,https://boxd.it/2avQ
2019-03-13,Ran,1985,https://boxd.it/1Tlu
2019-03-13,Rashomon,1950,https://boxd.it/2a9K
2019-03-13,Ravenous,1999,https://boxd.it/1WOa
2019-03-13,Raw,2016,https://boxd.it/dLd2
2019-03-13,Reality,2012,https://boxd.it/3wMm
2019-03-13,Red Beard,1965,https://boxd.it/251m
2019-03-13,Red Desert,1964,https://boxd.it/1ttW
2019-03-13,Red Lights,2012,https://boxd.it/2Bvo
2019-03-13,Repo Man,1984,https://boxd.it/1Plg
2019-03-13,Repulsion,1965,https://boxd.it/1TKu
2019-03-13,Retroactive,1997,https://boxd.it/1tmQ
2019-03-13,Revanche,2008,https://boxd.it/1MdS
2019-03-13,Rio Bravo,1959,https://boxd.it/2aE4
2019-03-13,Run Lola Run,1998,https://boxd.it/2b8o
2019-03-13,Rust and Bone,2012,https://boxd.it/3mDE
2019-03-13,Safe,1995,https://boxd.it/1gKU
2019-03-13,Salesman,1969,https://boxd.it/1rWC
2019-03-13,Sans Soleil,1983,https://boxd.it/28B8
2019-03-13,Sansho the Bailiff,1954,https://boxd.it/1Dkq
2019-03-13,Scanners,1981,https://boxd.it/1YqE
2019-03-13,Seven Samurai,1954,https://boxd.it/2axi
2019-03-13,Seventh Moon,2008,https://boxd.it/1xRI
2019-03-13,"sex, lies, and videotape",1989,https://boxd.it/28Oc
2019-03-13,Shoah,1985,https://boxd.it/XSK
2019-03-13,Short Term 12,2013,https://boxd.it/5f6s
2019-03-13,Sister,2012,https://boxd.it/3tOE
2019-03-13,Slacker,1990,https://boxd.it/1OUu
2019-03-13,Sleuth,1972,https://boxd.it/298c
2019-03-13,Slow West,2015,https://boxd.it/6CwK
2019-03-13,Solaris,1972,https://boxd.it/2a2Y
2019-03-13,Somewhere,2010,https://boxd.it/14du
2019-03-13,Son of Saul,2015,https://boxd.it/b6r4
2019-03-13,Songs from the Second Floor,2000,https://boxd.it/1eoM
2019-03-13,Sorcerer,1977,https://boxd.it/14J6
2019-03-13,Sound of Noise,2010,https://boxd.it/Izo
2019-03-13,Southland Tales,2006,https://boxd.it/23Uu
2019-03-13,Spartacus,1960,https://boxd.it/29bq
2019-03-13,Special,2006,https://boxd.it/1PgK
2019-03-13,Spider,2002,https://boxd.it/1YeI
2019-03-13,Splendor in the Grass,1961,https://boxd.it/1pig
2019-03-13,Stalker,1979,https://boxd.it/28PO
2019-03-13,Still Alice,2014,https://boxd.it/8Nhq
2019-03-13,Stinking Heaven,2015,https://boxd.it/ahOw
2019-03-13,Stop Making Sense,1984,https://boxd.it/1ygo
2019-03-13,Stories We Tell,2012,https://boxd.it/4c4Q
2019-03-13,Straight Time,1978,https://boxd.it/1zgu
2019-03-13,Strange Days,1995,https://boxd.it/2aGO
2019-03-13,Stroszek,1977,https://boxd.it/1Td6
2019-03-13,Sunrise: A Song of Two Humans,1927,https://boxd.it/29Xk
2019-03-13,Suntan,2016,https://boxd.it/da2Q
2019-03-13,Suspicion,1941,https://boxd.it/1TNo
2019-03-13,Suspiria,1977,https://boxd.it/1SNW
2019-03-13,Swallows and Amazons,2016,https://boxd.it/bDGm
2019-03-13,Sweet Smell of Success,1957,https://boxd.it/29aW
2019-03-13,Swimming Pool,2003,https://boxd.it/2aDU
2019-03-13,Symbiopsychotaxiplasm: Take One,1968,https://boxd.it/R6q
2019-03-13,Symbol,2009,https://boxd.it/WVI
2019-03-13,Syndromes and a Century,2006,https://boxd.it/1qHQ
2019-03-13,Tabu,2012,https://boxd.it/3h40
2019-03-13,Talk to Her,2002,https://boxd.it/2beG
2019-03-13,Tanna,2015,https://boxd.it/caI6
2019-03-13,The 400 Blows,1959,https://boxd.it/2b1C
2019-03-13,The Act of Seeing with One's Own Eyes,1972,https://boxd.it/48LQ
2019-03-13,The Ambassador,2011,https://boxd.it/2XEM
2019-03-13,The Apartment,1960,https://boxd.it/2aGE
2019-03-13,The Assassin,2015,https://boxd.it/7rdE
2019-03-13,The Ballad of Narayama,1983,https://boxd.it/XI6
2019-03-13,The Banishment,2007,https://boxd.it/1wk4
2019-03-13,The Battle of Algiers,1966,https://boxd.it/1IRY
2019-03-13,The Bay,2012,https://boxd.it/43JK
2019-03-13,The Beatles: Eight Days a Week - The Touring Years,2016,https://boxd.it/dGLo
2019-03-13,The Beguiled,2017,https://boxd.it/dZ1k
2019-03-13,The Black Stallion,1979,https://boxd.it/1IUy
2019-03-13,The Body,2012,https://boxd.it/3Jsa
2019-03-13,The Canal,2014,https://boxd.it/7TVk
2019-03-13,The Celluloid Closet,1995,https://boxd.it/1gWw
2019-03-13,The Childhood of a Leader,2015,https://boxd.it/aRce
2019-03-13,The China Syndrome,1979,https://boxd.it/2990
2019-03-13,The City of Lost Children,1995,https://boxd.it/29k8
2019-03-13,The Clan,2015,https://boxd.it/bQmO
2019-03-13,The Class,2008,https://boxd.it/1ZMc
2019-03-13,The Collector,2009,https://boxd.it/1BY4
2019-03-13,The Color of Money,1986,https://boxd.it/1SSM
2019-03-13,The Conformist,1970,https://boxd.it/20cE
2019-03-13,The Conspiracy,2012,https://boxd.it/4k0s
2019-03-13,The Conversation,1974,https://boxd.it/2a38
2019-03-13,The Dance of Reality,2013,https://boxd.it/4qFw
2019-03-13,The Decameron,1971,https://boxd.it/1fdq
2019-03-13,The Devil's Chair,2007,https://boxd.it/1CHo
2019-03-13,The Diving Bell and the Butterfly,2007,https://boxd.it/27Di
2019-03-13,The Eagle Huntress,2016,https://boxd.it/d5uK
2019-03-13,The Elephant Man,1980,https://boxd.it/27LQ
2019-03-13,The End of the Tour,2015,https://boxd.it/7jIE
2019-03-13,The Eyes of My Mother,2016,https://boxd.it/cTd8
2019-03-13,The Farthest,2017,https://boxd.it/futm
2019-03-13,The Fifth Element,1997,https://boxd.it/71k
2019-03-13,The Fisher King,1991,https://boxd.it/2aWM
2019-03-13,The Fits,2015,https://boxd.it/cacO
2019-03-13,The Five Obstructions,2003,https://boxd.it/1RWy
2019-03-13,The Fly,1986,https://boxd.it/1YIe
2019-03-13,The Fool,2014,https://boxd.it/8QXu
2019-03-13,The Forbidden Room,2015,https://boxd.it/abC0
2019-03-13,The French Connection,1971,https://boxd.it/296g
2019-03-13,The Garden of Words,2013,https://boxd.it/5Ymq
2019-03-13,The Gleaners and I,2000,https://boxd.it/S6c
2019-03-13,"The Good, the Bad and the Ugly",1966,https://boxd.it/2ape
2019-03-13,The Graduate,1967,https://boxd.it/18Im
2019-03-13,The Great Beauty,2013,https://boxd.it/5ty6
2019-03-13,The Handmaiden,2016,https://boxd.it/948A
2019-03-13,The Hard Stop,2015,https://boxd.it/cans
2019-03-13,The Haunting,1963,https://boxd.it/1T7M
2019-03-13,The Hill,1965,https://boxd.it/1xJY
2019-03-13,The Hitcher,1986,https://boxd.it/1Yq0
2019-03-13,The Holy Mountain,1973,https://boxd.it/20mu
2019-03-13,The Host,2006,https://boxd.it/28ZY
2019-03-13,The House That Jack Built,2018,https://boxd.it/dWO4
2019-03-13,The Hudsucker Proxy,1994,https://boxd.it/1SJA
2019-03-13,The Human Condition I: No Greater Love,1959,https://boxd.it/1jAy
2019-03-13,The Human Condition II: Road to Eternity,1959,https://boxd.it/1dJa
2019-03-13,The Ice Storm,1997,https://boxd.it/2c6I
2019-03-13,The Infinite Man,2014,https://boxd.it/7qNm
2019-03-13,The Innocents,1961,https://boxd.it/1KeY
2019-03-13,The Intouchables,2011,https://boxd.it/2FT0
2019-03-13,The Kid with a Bike,2011,https://boxd.it/5Xc
2019-03-13,The Killing of a Chinese Bookie,1976,https://boxd.it/1hS6
2019-03-13,The Last Detail,1973,https://boxd.it/1Nbe
2019-03-13,The Last of the Mohicans,1992,https://boxd.it/1YSo
2019-03-13,The Legend of Kaspar Hauser,2012,https://boxd.it/45iQ
2019-03-13,The Levelling,2016,https://boxd.it/eALu
2019-03-13,The Light Between Oceans,2016,https://boxd.it/8Lf8
2019-03-13,The Little Death,2014,https://boxd.it/8qLM
2019-03-13,The Look of Silence,2014,https://boxd.it/8006
2019-03-13,The Love Witch,2016,https://boxd.it/cZie
2019-03-13,The Maltese Falcon,1941,https://boxd.it/29c4
2019-03-13,The Man Without a Past,2002,https://boxd.it/212g
2019-03-13,The Measure of a Man,2015,https://boxd.it/aNgQ
2019-03-13,Mirror,1975,https://boxd.it/28Q8
2019-03-13,The Mother,2003,https://boxd.it/iAK
2019-03-13,The Mothman Prophecies,2002,https://boxd.it/26xo
2019-03-13,The Night of the Hunter,1955,https://boxd.it/25HW
2019-03-13,The Offence,1973,https://boxd.it/1gPq
2019-03-13,The Outsiders,1983,https://boxd.it/2aPw
2019-03-13,The Parallax View,1974,https://boxd.it/1ILG
2019-03-13,The Past,2013,https://boxd.it/4Ovg
2019-03-13,The People vs. Larry Flynt,1996,https://boxd.it/28rs
2019-03-13,The Pervert's Guide to Ideology,2012,https://boxd.it/4bOI
2019-03-13,The Polka King,2017,https://boxd.it/eP0y
2019-03-13,The Post,2017,https://boxd.it/fTeG
2019-03-13,The Rabbi's Cat,2011,https://boxd.it/2A7g
2019-03-13,The Red Shoes,1948,https://boxd.it/1EXI
2019-03-13,The Return,2003,https://boxd.it/1UpM
2019-03-13,The Rover,2014,https://boxd.it/4WCY
2019-03-13,The Rules of the Game,1939,https://boxd.it/29Es
2019-03-13,The Salesman,2016,https://boxd.it/d2we
2019-03-13,The Searchers,1956,https://boxd.it/25HC
2019-03-13,The Selfish Giant,2013,https://boxd.it/5QSe
2019-03-13,The Seventh Continent,1989,https://boxd.it/1gB4
2019-03-13,The Seventh Seal,1957,https://boxd.it/2ahO
2019-03-13,The Signal,2007,https://boxd.it/1QWi
2019-03-13,The Sisters Brothers,2018,https://boxd.it/fDFm
2019-03-13,Snowtown,2011,https://boxd.it/2f1Q
2019-03-13,The Son,2002,https://boxd.it/1cG0
2019-03-13,The Spirit of the Beehive,1973,https://boxd.it/24eY
2019-03-13,The State I Am In,2000,https://boxd.it/2aUG
2019-03-13,The Station Agent,2003,https://boxd.it/27xu
2019-03-13,The Sting,1973,https://boxd.it/1Z5s
2019-03-13,The Survivalist,2015,https://boxd.it/aLhM
2019-03-13,The Tale of the Princess Kaguya,2013,https://boxd.it/4JQI
2019-03-13,The Tenant,1976,https://boxd.it/1TKk
2019-03-13,The Thin Man,1934,https://boxd.it/25gw
2019-03-13,The Third Man,1949,https://boxd.it/294E
2019-03-13,The Ticket,2016,https://boxd.it/b2Kc
2019-03-13,The Treatment,2014,https://boxd.it/7mRY
2019-03-13,The Tree of Wooden Clogs,1978,https://boxd.it/1iRI
2019-03-13,The Voorman Problem,2013,https://boxd.it/62G0
2019-03-13,The Wages of Fear,1953,https://boxd.it/2aSK
2019-03-13,The White Ribbon,2009,https://boxd.it/17eU
2019-03-13,The Wild Pear Tree,2018,https://boxd.it/eMtM
2019-03-13,The Woman,2011,https://boxd.it/3dG
2019-03-13,The World of Apu,1959,https://boxd.it/29l6
2019-03-13,The Young Girls of Rochefort,1967,https://boxd.it/26K8
2019-03-13,The Young Karl Marx,2017,https://boxd.it/e1qc
2019-03-13,Thesis,1996,https://boxd.it/1Z1U
2019-03-13,"They Shoot Horses, Don't They?",1969,https://boxd.it/1q9u
2019-03-13,Things to Come,2016,https://boxd.it/d0wc
2019-03-13,Third Star,2010,https://boxd.it/2y0i
2019-03-13,Thirst,2009,https://boxd.it/1Aqq
2019-03-13,This Is Not a Film,2011,https://boxd.it/2W4o
2019-03-13,Thomas in Love,2000,https://boxd.it/1BEo
2019-03-13,Thoroughbreds,2017,https://boxd.it/dVHQ
2019-03-13,Three Colors: White,1994,https://boxd.it/2b7A
2019-03-13,Three Colors: Red,1994,https://boxd.it/2b7q
2019-03-13,Three Colors: Blue,1993,https://boxd.it/2b7K
2019-03-13,Three Days of the Condor,1975,https://boxd.it/1SF4
2019-03-13,Three Monkeys,2008,https://boxd.it/1ZCw
2019-03-13,Throne of Blood,1957,https://boxd.it/251w
2019-03-13,THX 1138,1971,https://boxd.it/29Ww
2019-03-13,Tim and Eric's Billion Dollar Movie,2012,https://boxd.it/2MI4
2019-03-13,Timbuktu,2014,https://boxd.it/7UrK
2019-03-13,To Kill a Man,2014,https://boxd.it/7kLu
2019-03-13,To Live and Die in L.A.,1985,https://boxd.it/1XFo
2019-03-13,Tokyo Story,1953,https://boxd.it/1HuY
2019-03-13,Tom at the Farm,2013,https://boxd.it/5B5m
2019-03-13,Tom of Finland,2017,https://boxd.it/efDu
2019-03-13,Toni Erdmann,2016,https://boxd.it/d0xu
2019-03-13,Train to Busan,2016,https://boxd.it/dSQU
2019-03-13,"Two Days, One Night",2014,https://boxd.it/6A58
2019-03-13,Uncle Boonmee Who Can Recall His Past Lives,2010,https://boxd.it/168Q
2019-03-13,Under the Shadow,2016,https://boxd.it/d1uG
2019-03-13,Under the Silver Lake,2018,https://boxd.it/dSAs
2019-03-13,Unforgiven,1992,https://boxd.it/6Z4
2019-03-13,Unrelated,2007,https://boxd.it/1mcO
2019-03-13,Upstream Color,2013,https://boxd.it/4Cwc
2019-03-13,Valhalla Rising,2009,https://boxd.it/17lc
2019-03-13,Vera Drake,2004,https://boxd.it/1UCm
2019-03-13,"Vernon, Florida",1981,https://boxd.it/1lSu
2019-03-13,Victoria,2015,https://boxd.it/amSe
2019-03-13,Violent,2014,https://boxd.it/8Djw
2019-03-13,Voyage of Time: Life's Journey,2016,https://boxd.it/34Sw
2019-03-13,Waking Life,2001,https://boxd.it/1Zdc
2019-03-13,Walk with Me,2017,https://boxd.it/fzvM
2019-03-13,Walkabout,1971,https://boxd.it/1bsG
2019-03-13,Waltz with Bashir,2008,https://boxd.it/1ZFA
2019-03-13,We Could Be King,2014,https://boxd.it/81KY
2019-03-13,Weekend,1967,https://boxd.it/20Ac
2019-03-13,Weekend,2011,https://boxd.it/2Kzu
2019-03-13,Song to Song,2017,https://boxd.it/aR5C
2019-03-13,Werckmeister Harmonies,2000,https://boxd.it/1zzw
2019-03-13,What Dreams May Come,1998,https://boxd.it/1SoM
2019-03-13,What's in a Name,2012,https://boxd.it/3LlK
2019-03-13,When Animals Dream,2014,https://boxd.it/88gc
2019-03-13,When the Iron Bird Flies,2012,https://boxd.it/6qfC
2019-03-13,White Material,2009,https://boxd.it/NIg
2019-03-13,Who's Afraid of Virginia Woolf?,1966,https://boxd.it/2atK
2019-03-13,Why Don't You Play in Hell?,2013,https://boxd.it/4lnC
2019-03-13,Wiener-Dog,2016,https://boxd.it/aD3M
2019-03-13,Wild Strawberries,1957,https://boxd.it/29ZU
2019-03-13,Wildlife,2018,https://boxd.it/eKYe
2019-03-13,Winter Sleep,2014,https://boxd.it/7Ua0
2019-03-13,Withnail & I,1987,https://boxd.it/1Qa4
2019-03-13,Wolf and Sheep,2016,https://boxd.it/bJlk
2019-03-13,Wolfsburg,2003,https://boxd.it/37ZU
2019-03-13,Woman in the Dunes,1964,https://boxd.it/1JNS
2019-03-13,Yojimbo,1961,https://boxd.it/1SRY
2019-03-13,You Can't Take It with You,1938,https://boxd.it/1ejM
2019-03-13,You Were Never Really Here,2017,https://boxd.it/dWOS
2019-03-13,"You, the Living",2007,https://boxd.it/22xO
2019-03-13,Young & Beautiful,2013,https://boxd.it/5B0Q
2019-03-13,Youth,2015,https://boxd.it/9Y7S
2019-03-13,Z,1969,https://boxd.it/26pY
2019-03-13,Zazie dans le Métro,1960,https://boxd.it/26Co
2019-03-13,Zoology,2016,https://boxd.it/egHW
2019-03-13,Frequency,2000,https://boxd.it/1VXA
2019-03-13,From Afar,2015,https://boxd.it/bQmY
2019-03-13,Funeral Parade of Roses,1969,https://boxd.it/28Cg
2019-03-13,Loving,2016,https://boxd.it/bhHC
2019-03-13,A Brighter Summer Day,1991,https://boxd.it/1Luy
2019-03-13,Greta,2018,https://boxd.it/gU4E
2019-03-13,Shoplifters,2018,https://boxd.it/ifY6
2019-03-13,Paddleton,2019,https://boxd.it/j4YQ
2019-03-13,Capernaum,2018,https://boxd.it/iM3s
2019-03-13,An Elephant Sitting Still,2018,https://boxd.it/i1EQ
2019-03-13,Won't You Be My Neighbor?,2018,https://boxd.it/hDPU
2019-03-13,Blindspotting,2018,https://boxd.it/hDMw
2019-03-13,Y Tu Mamá También,2001,https://boxd.it/28QM
2019-03-13,Brokeback Mountain,2005,https://boxd.it/2b2q
2019-03-13,Detachment,2011,https://boxd.it/2BiY
2019-03-13,Obvious Child,2014,https://boxd.it/7i3A
2019-03-13,The Bling Ring,2013,https://boxd.it/3lPY
2019-03-13,Dead Poets Society,1989,https://boxd.it/2aSg
2019-03-13,Grave of the Fireflies,1988,https://boxd.it/1RUM
2019-03-13,Never Let Me Go,2010,https://boxd.it/Xw0
2019-03-13,Vox Lux,2018,https://boxd.it/fcFk
2019-03-13,Irreversible,2002,https://boxd.it/29as
2019-03-13,The Wailing,2016,https://boxd.it/9fLy
2019-03-13,The Straight Story,1999,https://boxd.it/2ass
2019-03-13,Wild at Heart,1990,https://boxd.it/2aii
2019-03-13,The Doors,1991,https://boxd.it/1W18
2019-03-13,Yi Yi,2000,https://boxd.it/1vCw
2019-03-13,The New World,2005,https://boxd.it/1TVW
2019-03-13,To the Wonder,2012,https://boxd.it/gpU
2019-03-13,The Man Who Killed Don Quixote,2018,https://boxd.it/9rkY
2019-03-13,Time Bandits,1981,https://boxd.it/19KI
2019-03-13,On the Silver Globe,1988,https://boxd.it/1sAM
2019-03-13,Loveless,2017,https://boxd.it/fcFa
2019-03-13,Himizu,2011,https://boxd.it/3oFs
2019-03-13,Into the Abyss,2011,https://boxd.it/2G0g
2019-03-13,Fitzcarraldo,1982,https://boxd.it/1YV8
2019-03-13,The Bad Lieutenant: Port of Call - New Orleans,2009,https://boxd.it/1TcW
2019-03-13,Delicatessen,1991,https://boxd.it/29lK
2019-03-13,Personal Shopper,2016,https://boxd.it/bkGM
2019-03-13,Tampopo,1985,https://boxd.it/1SZe
2019-03-13,Minding the Gap,2018,https://boxd.it/hDNu
2019-03-13,The Rider,2017,https://boxd.it/gazw
2019-03-13,The Second Mother,2015,https://boxd.it/9Ydm
2019-03-13,Brooklyn,2015,https://boxd.it/5bdk
2019-03-13,Steve Jobs,2015,https://boxd.it/araG
2019-03-13,Taxi,2015,https://boxd.it/amS4
2019-03-13,Straight Outta Compton,2015,https://boxd.it/8rMc
2019-03-13,Hard to Be a God,2013,https://boxd.it/3Ido
2019-03-13,The Pearl Button,2015,https://boxd.it/amQs
2019-03-13,Your Name.,2016,https://boxd.it/cUqs
2019-03-13,Aquarius,2016,https://boxd.it/d6YQ
2019-03-13,The Edge of Seventeen,2016,https://boxd.it/d5nu
2019-03-13,"Right Now, Wrong Then",2015,https://boxd.it/bWs4
2019-03-13,The Red Turtle,2016,https://boxd.it/bdkE
2019-03-13,The Little Prince,2015,https://boxd.it/9WbS
2019-03-13,Blue Jay,2016,https://boxd.it/enEq
2019-03-13,The Dark Horse,2014,https://boxd.it/8pTU
2019-03-13,God's Own Country,2017,https://boxd.it/faZM
2019-03-13,A Fantastic Woman,2017,https://boxd.it/fcGi
2019-03-13,Lucky,2017,https://boxd.it/el3M
2019-03-13,"Night Is Short, Walk on Girl",2017,https://boxd.it/ffwA
2019-03-13,Spring Breakers,2012,https://boxd.it/421s
2019-03-13,Interview with the Vampire,1994,https://boxd.it/29XO
2019-03-13,I'm Not There,2007,https://boxd.it/24Ys
2019-03-13,"Don't Worry, He Won't Get Far on Foot",2018,https://boxd.it/fLeo
2019-03-13,Boy Erased,2018,https://boxd.it/gWxe
2019-03-13,Digging for Fire,2015,https://boxd.it/9lF2
2019-03-13,Thirteen,2003,https://boxd.it/1UPK
2019-03-13,Blue Moon Rising,2010,https://boxd.it/DHW
2019-03-13,Everybody Knows,2018,https://boxd.it/e6AG
2019-03-13,The River,1951,https://boxd.it/Q3K
2019-03-13,Mad Max,1979,https://boxd.it/1Y7i
2019-03-13,Mad Max 2,1981,https://boxd.it/1ZPg
2019-03-13,Mad Max Beyond Thunderdome,1985,https://boxd.it/1YTm
2019-03-13,Superman,1978,https://boxd.it/27Qm
2019-03-13,Young Frankenstein,1974,https://boxd.it/25To
2019-03-13,American Graffiti,1973,https://boxd.it/29us
2019-03-13,Thelma & Louise,1991,https://boxd.it/28Ew
2019-03-13,Perfect Blue,1997,https://boxd.it/1W7A
2019-03-13,Life Is Beautiful,1997,https://boxd.it/29Wm
2019-03-13,The Princess Bride,1987,https://boxd.it/26EY
2019-03-13,If Beale Street Could Talk,2018,https://boxd.it/gGhu
2019-03-13,Love,2015,https://boxd.it/9brE
2019-03-13,Mindhorn,2016,https://boxd.it/dhgK
2019-03-13,Contact,1997,https://boxd.it/29OM
2019-03-13,The Brothers Bloom,2008,https://boxd.it/1Bqm
2019-03-14,London,2005,https://boxd.it/20Rs
2019-03-14,Boy,2010,https://boxd.it/13RS
2019-03-14,Northern Soul,2014,https://boxd.it/9pTi
2019-03-15,Army of Darkness,1992,https://boxd.it/29G4
2019-03-15,Mean Creek,2004,https://boxd.it/1S7c
2019-03-15,The Corporation,2003,https://boxd.it/1TSS
2019-03-15,Breaking the Waves,1996,https://boxd.it/2b1W
2019-03-15,Schindler's List,1993,https://boxd.it/2aq2
2019-03-15,The Servant,1963,https://boxd.it/VAa
2019-03-15,Fish Story,2009,https://boxd.it/16Z6
2019-03-15,Night and the City,1950,https://boxd.it/1FFg
2019-03-25,The Passion of Joan of Arc,1928,https://boxd.it/29DO
2019-03-25,"Distant Voices, Still Lives",1988,https://boxd.it/Yv8
2019-03-25,Shadows,1959,https://boxd.it/1M9c
2019-03-25,Death in Venice,1971,https://boxd.it/21tm
2019-03-25,The Gospel According to Matthew,1964,https://boxd.it/1y7c
2019-03-26,Dragged Across Concrete,2018,https://boxd.it/fAly
2019-03-27,The Big Sick,2017,https://boxd.it/eHvy
2019-04-17,The Devil's Backbone,2001,https://boxd.it/28Li
2019-04-17,Baraka,1992,https://boxd.it/1OWA
2019-04-25,High Life,2018,https://boxd.it/d6bk
2019-05-03,Trash Humpers,2009,https://boxd.it/Mki
2019-05-05,Hard Boiled,1992,https://boxd.it/1T6a
2019-05-29,A Hidden Life,2019,https://boxd.it/eb1Q
2019-05-30,24 Hour Party People,2002,https://boxd.it/26nI
2019-05-30,The Proposition,2005,https://boxd.it/1JUE
2019-06-02,My Cousin Vinny,1992,https://boxd.it/1WpO
2019-06-13,All Quiet on the Western Front,1930,https://boxd.it/2b2g
2019-06-21,Sorry We Missed You,2019,https://boxd.it/iXBg
2019-06-28,The Ninth Configuration,1980,https://boxd.it/1G4q
2019-06-28,Toy Story 4,2019,https://boxd.it/9ALu
2019-06-28,WALL·E,2008,https://boxd.it/1VEo
2019-06-28,Ratatouille,2007,https://boxd.it/27ww
2019-06-28,Inside Out,2015,https://boxd.it/4KHC
2019-06-28,The Last Black Man in San Francisco,2019,https://boxd.it/iWAw
2019-06-28,Too Old to Die Young,2019,https://boxd.it/mwtW
2019-06-28,Pusher,1996,https://boxd.it/27wG
2019-07-19,The Farewell,2019,https://boxd.it/kIky
2019-07-19,20th Century Women,2016,https://boxd.it/bqU6
2019-07-19,My Own Private Idaho,1991,https://boxd.it/2ak4
2019-07-19,Mean Streets,1973,https://boxd.it/2aSU
2019-07-22,The Cable Guy,1996,https://boxd.it/1XAI
2019-07-23,Kiki's Delivery Service,1989,https://boxd.it/1JAY
2019-07-23,Pleasantville,1998,https://boxd.it/26uY
2019-07-23,Carnage,2011,https://boxd.it/2peU
2019-07-23,City of God,2002,https://boxd.it/2a2a
2019-07-23,Hearts of Darkness: A Filmmaker's Apocalypse,1991,https://boxd.it/24ai
2019-07-23,The Wind Rises,2013,https://boxd.it/4JQS
2019-07-23,Persepolis,2007,https://boxd.it/27DC
2019-07-26,I Knew It Was You: Rediscovering John Cazale,2009,https://boxd.it/PpA
2019-07-26,Before the Devil Knows You're Dead,2007,https://boxd.it/20Jy
2019-07-26,Serpico,1973,https://boxd.it/1ZjE
2019-07-26,Munich,2005,https://boxd.it/2a0e
2019-07-26,The Virtues,2019,https://boxd.it/meja
2019-07-26,A Field in England,2013,https://boxd.it/5tmk
2019-07-26,Dirty Harry,1971,https://boxd.it/299E
2019-07-26,Satantango,1994,https://boxd.it/1j9M
2019-07-27,The Fifth Seal,1976,https://boxd.it/2GNW
2019-07-27,Lean on Pete,2017,https://boxd.it/emgM
2019-07-27,The Clovehitch Killer,2018,https://boxd.it/jRjM
2019-07-27,Dekalog,1989,https://boxd.it/bv4u
2019-08-02,Booksmart,2019,https://boxd.it/igNS
2019-08-02,The Souvenir,2019,https://boxd.it/gXU4
2019-08-02,Aliens,1986,https://boxd.it/29PA
2019-08-02,Howl's Moving Castle,2004,https://boxd.it/23De
2019-08-02,Easy Rider,1969,https://boxd.it/29Ys
2019-08-02,Heathers,1988,https://boxd.it/26x4
2019-08-02,Midnight Cowboy,1969,https://boxd.it/25Hi
2019-08-02,Portrait of a Lady on Fire,2019,https://boxd.it/jkPq
2019-08-02,Almost Famous,2000,https://boxd.it/29CQ
2019-08-02,Sunset Boulevard,1950,https://boxd.it/2a20
2019-08-02,Moneyball,2011,https://boxd.it/glS
2019-08-02,Chef,2014,https://boxd.it/6lCG
2019-08-02,A Silent Voice,2016,https://boxd.it/d99c
2019-08-02,Knife+Heart,2018,https://boxd.it/h5ko
2019-08-02,The Goonies,1985,https://boxd.it/1YVC
2019-08-02,Metropolis,1927,https://boxd.it/71a
2019-08-05,Heima,2007,https://boxd.it/1Nnk
2019-09-21,Tim's Vermeer,2013,https://boxd.it/6kba
2019-09-23,Tower,2016,https://boxd.it/dg60
2019-11-02,Vermilion Souls,2007,https://boxd.it/aNj6
2019-11-02,My Kid Could Paint That,2007,https://boxd.it/1Ooy
2019-11-02,Walk Hard: The Dewey Cox Story,2007,https://boxd.it/21wK
2019-11-02,The Counterfeiters,2007,https://boxd.it/20MM
2019-11-02,The Aerial,2007,https://boxd.it/1Qq2
2019-11-02,Secret Sunshine,2007,https://boxd.it/27CY
2019-11-27,Ad Astra,2019,https://boxd.it/ePzI
2019-11-27,Waves,2019,https://boxd.it/jpmy
2019-11-27,Stranger by the Lake,2013,https://boxd.it/5Fji
2019-11-27,Meek's Cutoff,2010,https://boxd.it/nsG
2019-11-27,Nocturama,2016,https://boxd.it/dfdk
2019-11-27,Everyone Else,2009,https://boxd.it/1eOq
2019-11-27,Her Smell,2018,https://boxd.it/iT5q
2019-11-27,Support the Girls,2018,https://boxd.it/ghHs
2019-11-27,The Loneliest Planet,2011,https://boxd.it/2SQS
2019-11-27,Drug War,2012,https://boxd.it/3IcK
2019-11-27,Carol,2015,https://boxd.it/7DPK
2019-11-27,Happy Hour,2015,https://boxd.it/bXge
2019-11-27,The Arbor,2010,https://boxd.it/isQ
2019-11-27,The Comedy,2012,https://boxd.it/2XNO
2019-11-27,The Age of Innocence,1993,https://boxd.it/1WgM
2019-11-27,The Falling,2014,https://boxd.it/9jPE
2019-11-27,The Peanut Butter Falcon,2019,https://boxd.it/gzu2
2019-11-27,Official Secrets,2019,https://boxd.it/dLxm
2019-11-27,Honey Boy,2019,https://boxd.it/ixvm
2019-11-27,Monos,2019,https://boxd.it/eJGe
2019-11-27,Knock Down the House,2019,https://boxd.it/kIss
2019-11-27,Deadwood: The Movie,2019,https://boxd.it/jBYE
2019-11-28,Harriet,2019,https://boxd.it/ijo2
2019-11-28,The Boy Who Harnessed the Wind,2019,https://boxd.it/hIgA
2019-11-28,Matthias & Maxime,2019,https://boxd.it/iOQ2
2019-11-28,The Mustang,2019,https://boxd.it/i4S2
2019-11-28,Mister America,2019,https://boxd.it/mDiQ
2019-11-28,The Forest of Love,2019,https://boxd.it/nqbk
2019-11-28,Synchronic,2019,https://boxd.it/k3M2
2019-11-28,Sound of Metal,2019,https://boxd.it/i7Q4
2019-11-28,A Sun,2019,https://boxd.it/n3uo
2019-11-28,Nobadi,2019,https://boxd.it/mUmg
2019-11-28,While at War,2019,https://boxd.it/jNR6
2019-11-28,"Psychomagic, a Healing Art",2019,https://boxd.it/ixuI
2019-12-01,How to Train Your Dragon 2,2014,https://boxd.it/2TRW
2019-12-01,How to Train Your Dragon: The Hidden World,2019,https://boxd.it/5a9w
2019-12-01,Little Monsters,2019,https://boxd.it/iarm
2019-12-01,Long Shot,2019,https://boxd.it/grG0
2019-12-01,I Lost My Body,2019,https://boxd.it/lAYs
2019-12-01,"Bikram: Yogi, Guru, Predator",2019,https://boxd.it/n0BG
2019-12-01,Big Hero 6,2014,https://boxd.it/5rje
2019-12-07,"So Long, My Son",2019,https://boxd.it/hNzi
2020-01-02,The French Dispatch,,https://boxd.it/jLP8
2020-01-02,Dune,2021,https://boxd.it/fA7G
2020-01-02,No Time to Die,2021,https://boxd.it/cPX2
2020-01-02,Last Night in Soho,2021,https://boxd.it/lbJC
2020-01-02,The Woman in the Window,,https://boxd.it/iT56
2020-01-02,The Bell Jar,2020,
2020-01-02,Paddington 3,,https://boxd.it/iJve
2020-01-02,Saint Maud,2019,https://boxd.it/l8QA
2020-01-02,In Fabric,2018,https://boxd.it/h2sY
2020-01-04,The Nightingale,2018,https://boxd.it/e1Ga
2020-01-04,Shadow,2018,https://boxd.it/gzLi
2020-01-06,American Movie,1999,https://boxd.it/1Oty
2020-01-10,Paris Is Burning,1990,https://boxd.it/1jzg
2020-01-11,The Kid Who Would Be King,2019,https://boxd.it/gcz4
2020-02-03,Hustlers,2019,https://boxd.it/jIBM
2020-02-03,Possessor,2020,https://boxd.it/fsJW
2020-02-03,Never Rarely Sometimes Always,2020,https://boxd.it/lWJk
2020-02-07,63 Up,2019,https://boxd.it/q69u
2020-02-08,The Climb,2019,https://boxd.it/lXDM
2020-03-26,Jane Eyre,2011,https://boxd.it/15rs
2020-03-26,Sweet Virginia,2017,https://boxd.it/eBmA
2020-03-26,I Don't Feel at Home in This World Anymore,2017,https://boxd.it/f42u
2020-03-29,Cronos,1993,https://boxd.it/1TjS
2020-03-29,Crimson Peak,2015,https://boxd.it/62Ty
2020-03-29,Emma.,2020,https://boxd.it/kmg0
2020-04-06,Little Joe,2019,https://boxd.it/iefY
2020-05-16,Normal People,2020,https://boxd.it/q2VY
2020-05-16,Ema,2019,https://boxd.it/jHWa
2020-05-19,Sexy Beast,2000,https://boxd.it/1SZS
2020-05-20,The Exchange,2011,https://boxd.it/3pwc
2020-06-05,The Vast of Night,2019,https://boxd.it/kJyc
2020-06-11,Shirley,2020,https://boxd.it/jY2o
2020-06-18,Promising Young Woman,2020,https://boxd.it/loRE
2020-06-27,Amarcord,1973,https://boxd.it/20NA
2020-06-27,La Strada,1954,https://boxd.it/2asi
2020-06-27,I Vitelloni,1953,https://boxd.it/1RJE
2020-06-27,Fellini Satyricon,1969,https://boxd.it/1UtY
2020-06-29,Where Is My Friend's House?,1987,https://boxd.it/ELg
2020-07-06,Hamilton,2020,https://boxd.it/kmvE
2020-07-11,Night on Earth,1991,https://boxd.it/2ayq
2020-08-26,Spree,2020,https://boxd.it/oiiO
2020-08-26,Boys State,2020,https://boxd.it/oiNW
2020-08-26,The Green Knight,2021,https://boxd.it/kuy2
2020-08-26,Get Duked!,2019,https://boxd.it/llgK
2020-09-03,A Man Escaped,1956,https://boxd.it/1MzY
2020-09-03,L'Argent,1983,https://boxd.it/XIg
2020-09-03,Forgotten,2017,https://boxd.it/hAJE
2020-09-03,Tuvalu,1999,https://boxd.it/20A2
2020-09-03,The Endless,2017,https://boxd.it/ffyw
2020-09-03,Cure,1997,https://boxd.it/1blA
2020-09-03,Nevrland,2019,https://boxd.it/kWIE
2020-09-03,The Devil,1972,https://boxd.it/3iRC
2020-09-03,Castaway on the Moon,2009,https://boxd.it/1GXU
2020-09-03,Fallen Angels,1995,https://boxd.it/1UkW
2020-09-03,The Idiots,1998,https://boxd.it/2amu
2020-09-03,Funky Forest: The First Contact,2005,https://boxd.it/1Cow
2020-09-03,Zardoz,1974,https://boxd.it/23Fa
2020-09-03,Amer,2009,https://boxd.it/TaY
2020-09-03,Pulse,2001,https://boxd.it/1s3y
2020-09-03,The Happiness of the Katakuris,2001,https://boxd.it/1KDY
2020-09-03,Save the Green Planet!,2003,https://boxd.it/1Uco
2020-09-03,Goodbye to Language,2014,https://boxd.it/3PMA
2020-09-03,The Congress,2013,https://boxd.it/4Ota
2020-09-03,Sweetie,1989,https://boxd.it/4HM
2020-09-03,Starship Troopers,1997,https://boxd.it/2a7k
2020-09-03,Atlantics,2019,https://boxd.it/hVEK
2020-09-03,Visitor Q,2001,https://boxd.it/24DE
2020-09-03,Neon Genesis Evangelion: The End of Evangelion,1997,https://boxd.it/1GRM
2020-09-03,Mind Game,2004,https://boxd.it/1Bv2
2020-09-03,Samsara,2011,https://boxd.it/3ada
2020-09-03,Take Shelter,2011,https://boxd.it/DQ
2020-09-03,An Angel at My Table,1990,https://boxd.it/269G
2020-09-03,A Snake of June,2002,https://boxd.it/1fuQ
2020-09-03,The Cube,1969,https://boxd.it/18qW
2020-09-03,Ugetsu,1953,https://boxd.it/1NyM
2020-09-03,La Jetée,1962,https://boxd.it/29Sk
2020-09-03,Ivan's Childhood,1962,https://boxd.it/1j6y
2020-09-03,A Page of Madness,1926,https://boxd.it/3i2u
2020-09-03,"Spring, Summer, Fall, Winter... and Spring",2003,https://boxd.it/2b6W
2020-09-03,All About Eve,1950,https://boxd.it/29LI
2020-09-03,Schizopolis,1996,https://boxd.it/1Keu
2020-09-03,Bacurau,2019,https://boxd.it/fSUG
2020-09-03,The Manchurian Candidate,1962,https://boxd.it/299Y
2020-09-03,Irma Vep,1996,https://boxd.it/1vYs
2020-09-03,Santa Sangre,1989,https://boxd.it/1FrI
2020-09-03,The Face of Another,1966,https://boxd.it/1nso
2020-09-03,The Ascent,1977,https://boxd.it/Eew
2020-09-03,Hanagatami,2017,https://boxd.it/hnUO
2020-09-03,Begotten,1989,https://boxd.it/28Ie
2020-09-03,Confessions,2010,https://boxd.it/uRS
2020-09-03,Audition,1999,https://boxd.it/1UHm
2020-09-03,First Love,2019,https://boxd.it/m0iC
2020-09-03,Millennium Actress,2001,https://boxd.it/1fK0
2020-09-03,Demonlover,2002,https://boxd.it/1xz0
2020-09-03,Taxidermia,2006,https://boxd.it/1LBO
2020-09-03,The Fall,2006,https://boxd.it/1NoM
2020-09-03,Alice,1988,https://boxd.it/1G3C
2020-09-03,Angel Heart,1987,https://boxd.it/29WG
2020-09-03,Amores Perros,2000,https://boxd.it/2bfu
2020-09-03,2046,2004,https://boxd.it/29tu
2020-09-03,Prince of Darkness,1987,https://boxd.it/1ZKq
2020-09-03,Re-Animator,1985,https://boxd.it/28hM
2020-09-03,Tokyo Tribe,2014,https://boxd.it/74PU
2020-09-03,Relaxer,2018,https://boxd.it/i88i
2020-09-03,Angel's Egg,1985,https://boxd.it/1LeA
2020-09-03,Quién te cantará,2018,https://boxd.it/fzNc
2020-09-04,It's Such a Beautiful Day,2012,https://boxd.it/hCY2
2020-09-04,Cosmos,2015,https://boxd.it/abCE
2020-09-04,November,2017,https://boxd.it/fxu8
2020-09-04,Heavenly Creatures,1994,https://boxd.it/2974
2020-09-04,Exotica,1994,https://boxd.it/1DXW
2020-09-04,Society,1989,https://boxd.it/1ARc
2020-09-04,White Hole,1979,https://boxd.it/7rnO
2020-09-04,964 Pinocchio,1991,https://boxd.it/EhA
2020-09-04,Gozu,2003,https://boxd.it/1RTa
2020-09-04,Running on Karma,2003,https://boxd.it/1hrk
2020-09-04,Cat Soup,2001,https://boxd.it/1wrk
2020-09-04,Rosencrantz & Guildenstern Are Dead,1990,https://boxd.it/1FXE
2020-09-04,My Winnipeg,2007,https://boxd.it/1Qz4
2020-09-04,Destruction Babies,2016,https://boxd.it/dj8e
2020-09-04,The Taste of Tea,2004,https://boxd.it/1Mse
2020-09-04,Tropical Malady,2004,https://boxd.it/1TCA
2020-09-04,The Perfect Host,2010,https://boxd.it/8QI
2020-09-04,Mishima: A Life in Four Chapters,1985,https://boxd.it/1sBA
2020-09-04,The Village,2004,https://boxd.it/21iS
2020-09-04,The Lookout,2007,https://boxd.it/20ru
2020-09-04,Always Shine,2016,https://boxd.it/drQ4
2020-09-04,Love Exposure,2008,https://boxd.it/1pDe
2020-09-04,Strange Circus,2005,https://boxd.it/1Vg2
2020-09-04,Memories of Matsuko,2006,https://boxd.it/1iVU
2020-09-04,Antiporno,2016,https://boxd.it/eDjy
2020-09-04,Survive Style 5+,2004,https://boxd.it/1KKA
2020-09-04,Tokyo Gore Police,2008,https://boxd.it/1KUq
2020-09-04,Lost River,2014,https://boxd.it/5cjy
2020-09-04,Picnic at Hanging Rock,1975,https://boxd.it/1UQe
2020-09-04,Post Tenebras Lux,2012,https://boxd.it/3wTs
2020-09-04,Inferno,1980,https://boxd.it/1KbK
2020-09-04,Tenebre,1982,https://boxd.it/1mRM
2020-09-04,Deep Red,1975,https://boxd.it/1E1E
2020-09-04,Phenomena,1985,https://boxd.it/1o4s
2020-09-04,As I Was Moving Ahead Occasionally I Saw Brief Glimpses of Beauty,2000,https://boxd.it/4gcu
2020-09-04,Terrorizers,1986,https://boxd.it/2IRG
2020-09-04,Control,2003,https://boxd.it/23dK
2020-09-04,Tetsuo: The Iron Man,1989,https://boxd.it/ZoM
2020-09-04,Seconds,1966,https://boxd.it/1Dbe
2020-09-04,Rapture,1979,https://boxd.it/24f8
2020-09-04,Bibliothèque Pascal,2010,https://boxd.it/Buc
2020-09-04,Resolution,2012,https://boxd.it/41hY
2020-09-04,In My Skin,2002,https://boxd.it/283A
2020-09-04,A Dark Song,2016,https://boxd.it/epo0
2020-09-04,Hero,2002,https://boxd.it/2bcq
2020-09-04,The Double Life of Véronique,1991,https://boxd.it/28va
2020-09-04,In the Mouth of Madness,1994,https://boxd.it/26vi
2020-09-04,Session 9,2001,https://boxd.it/1UXu
2020-09-04,Buster's Mal Heart,2016,https://boxd.it/cIAg
2020-09-04,Tideland,2005,https://boxd.it/1Tyy
2020-09-04,Gaslight,1944,https://boxd.it/1PYs
2020-09-04,New Rose Hotel,1998,https://boxd.it/1BVY
2020-09-04,John Dies at the End,2012,https://boxd.it/2BSW
2020-09-04,Crumb,1994,https://boxd.it/1tDi
2020-09-04,Nostalgia,1983,https://boxd.it/28Qi
2020-09-04,The Sacrifice,1986,https://boxd.it/1xg8
2020-09-04,The Exterminating Angel,1962,https://boxd.it/1nRS
2020-09-04,Redline,2009,https://boxd.it/2pQ0
2020-09-04,Harvey,1950,https://boxd.it/1T5w
2020-09-04,It's a Wonderful Life,1946,https://boxd.it/28xA
2020-09-04,Anatomy of a Murder,1959,https://boxd.it/2baa
2020-09-04,Erendira,1983,https://boxd.it/4kwS
2020-09-04,3 Women,1977,https://boxd.it/YPs
2020-09-04,In the Bedroom,2001,https://boxd.it/27Fo
2020-09-04,The Hours,2002,https://boxd.it/2a3s
2020-09-04,FLCL,2000,https://boxd.it/bWtG
2020-09-04,Hukkle,2002,https://boxd.it/1bO8
2020-09-04,Madeline's Madeline,2018,https://boxd.it/gNmw
2020-09-04,Guilty of Romance,2011,https://boxd.it/2OAQ
2020-09-04,Mauvais Sang,1986,https://boxd.it/5c6
2020-09-04,The Lovers on the Bridge,1991,https://boxd.it/26li
2020-09-04,Greener Grass,2019,https://boxd.it/jYoY
2020-09-04,Diamantino,2018,https://boxd.it/iNoQ
2020-09-15,Pieces of a Woman,2020,https://boxd.it/nOrQ
2020-10-26,Patrick,2019,https://boxd.it/keYS
2020-11-07,His House,2020,https://boxd.it/l8Qq
2020-12-19,Minari,2020,https://boxd.it/mL9M
2020-12-19,A Dog's Will,2000,https://boxd.it/12u4
2020-12-19,Wings of Desire,1987,https://boxd.it/2b26
2020-12-19,Autumn Sonata,1978,https://boxd.it/1Rio
2020-12-19,Paper Moon,1973,https://boxd.it/1Ud2
2020-12-19,Investigation of a Citizen Above Suspicion,1970,https://boxd.it/1tRY
2020-12-19,Le Trou,1960,https://boxd.it/1nSw
2020-12-19,The Human Condition III: A Soldier's Prayer,1961,https://boxd.it/1dIQ
2020-12-19,Mank,2020,https://boxd.it/mIuC
2020-12-19,Us and Them,2018,https://boxd.it/ip3a
2021-01-01,Color Out of Space,2019,https://boxd.it/k1HY
2021-01-02,First Cow,2019,https://boxd.it/krga
2021-01-06,Time to Hunt,2020,https://boxd.it/kYFs
2021-01-06,She Dies Tomorrow,2020,https://boxd.it/oIuG
2021-01-06,Blow the Man Down,2019,https://boxd.it/lzJ2
2021-01-06,The Man Standing Next,2020,https://boxd.it/kLHg
2021-01-06,Swallow,2019,https://boxd.it/lA0i
2021-01-06,Collective,2019,https://boxd.it/mRVi
2021-01-06,Lovers Rock,2020,https://boxd.it/qEAk
2021-01-06,Mangrove,2020,https://boxd.it/qEAa
2021-01-06,"Red, White and Blue",2020,https://boxd.it/siQE
2021-01-06,Alex Wheatle,2020,https://boxd.it/sff6
2021-01-06,Education,2020,https://boxd.it/sTpK
2021-01-06,Small Axe,2020,https://boxd.it/rVjM
2021-01-06,At Eternity's Gate,2018,https://boxd.it/hI40
2021-01-19,Another Round,2020,https://boxd.it/lkba
2021-01-19,Seduced and Abandoned,1964,https://boxd.it/W1q
2021-01-19,Divorce Italian Style,1961,https://boxd.it/1DNs
2021-01-19,The 'Burbs,1989,https://boxd.it/1SDi
2021-01-22,Stretch,2014,https://boxd.it/6Iag
2021-02-02,Confessions of a Dangerous Mind,2002,https://boxd.it/23Gi
2021-02-02,Be Kind Rewind,2008,https://boxd.it/23Au
2021-02-10,The Guilty,2021,https://boxd.it/kOPW
